base,mean_abs_error,max_abs_error,min_abs_error,mean_rel_error,max_rel_error,min_rel_error
1.3,313.4379837061704,14478.39911050537,0.0,2.963013315176081,20.891541639030372,0.0
1.5,208.9486180496216,8136.544734954834,0.0,1.9153006626641556,17.511385297018386,0.0
2.0,125.974,7229.0,0.0,0.9784072104402671,10.355555555555556,0.0
3.0,54.882,1959.5,0.0,0.6066847001267145,7.088888888888889,0.0
4.0,49.28333333333333,1801.333333333333,0.0,0.472366680505845,6.4057971014492745,0.0
