base,mean_abs_error,max_abs_error,min_abs_error,mean_rel_error,max_rel_error,min_rel_error
1.3,331.1340592842531,29543.70790306674,0.0,3.1105469396605456,47.421682027394446,0.0
1.5,193.78071614265443,14307.058195114136,0.0,1.832301661890453,9.921676973033382,0.0
2.0,99.572,3574.0,0.0,1.0029329874701531,16.338983050847457,0.0
3.0,59.5905,2439.5,0.0,0.5855438134899619,4.03125,0.0
4.0,51.31133333333333,2653.6666666666665,0.0,0.5176109826094181,4.305555555555555,0.0
